COMUNE,CodiceAzienda,LATITUDINE,LONGITUDINE
Castellammare Di Stabia,024NA035,40.683603,14.494556
Castellammare Di Stabia,024NA001,40.713041,14.489091
Castellammare Di Stabia,024NA090,40.718472,14.493281
Castellammare Di Stabia,024NA012,40.716467,14.492405
Castellammare Di Stabia,024NA188,40.703625,14.500416
Castellammare Di Stabia,024NA359,,
Castellammare Di Stabia,024NA394,40.715256,14.486543
Castellammare Di Stabia,024NA174,40.695786,14.482843
Castellammare Di Stabia,024NA005,40.715205,14.486756
Castellammare Di Stabia,024NA184,40.688335,14.494983
Castellammare Di Stabia,024NA390,40.726428,14.478614
Castellammare Di Stabia,024NA377,40.680296,14.495988
Castellammare Di Stabia,024NA392,40.686,14.46467
Castellammare Di Stabia,024NA329,40.71536,14.490962
Castellammare Di Stabia,024NA008,40.686454,14.496707
Castellammare Di Stabia,024NA398,40.726099,14.485967
Castellammare Di Stabia,024NA431,40.686985,14.477815
Castellammare Di Stabia,024NA442,40.68599,14.496302
Castellammare Di Stabia,024NA176,40.723239,14.478066
Castellammare Di Stabia,024NA178,40.703566,14.499174
Castellammare Di Stabia,024NA167,40.723869,14.47791
Castellammare Di Stabia,024NA430,40.689406,14.498525
Castellammare Di Stabia,024NA250,40.689999,14.492797
Castellammare Di Stabia,024NA382,40.685873,14.464174
Castellammare Di Stabia,024NA052,40.69038,14.494732
Castellammare Di Stabia,024NA041,40.67823,14.476719
Castellammare Di Stabia,024NA036,40.695318,14.496047
Castellammare Di Stabia,024NA172,40.697148,14.495247
Castellammare Di Stabia,024NA441,40.689567,14.484574
Castellammare Di Stabia,024NA064,40.685389,14.463506
Castellammare Di Stabia,024NA203,40.688671,14.491796
Santa Maria La Carita',090NA037,40.7113,14.5178
Santa Maria La Carita',090NA019,40.7178,14.5108
Sant'Antonio Abate,074NA019,40.73,14.5593
Sant'Antonio Abate,074NA010,40.7224,14.5588
Pompei,058NA151,40.7313,14.495
Pompei,058NA276,40.7628,14.4853
Santa Maria La Carita',090NA003,40.7284,14.5139
Santa Maria La Carita',090NA052,40.7163,14.5157
Pompei,058NA225,40.736427,14.493837
Sant'Antonio Abate,074NA081,40.720545,14.534852
Pompei,058NA161,40.746157,14.498934
Sant'Antonio Abate,074NA043,40.707498,14.529597
Sant'Antonio Abate,074NA029,40.717773,14.532755
Santa Maria La Carita',090NA024,40.71947,14.50866
Santa Maria La Carita',090NA001,40.72445,14.512615
Pompei,058NA205,40.736805,14.489766
Pompei,058NA143,40.75306,14.501307
Sant'Antonio Abate,074NA040,40.71463,14.540251
Sant'Antonio Abate,074NA017,40.714417,14.534095
Pompei,058NA132,40.754521,14.495517
Sant'Antonio Abate,074NA098,40.72189,14.543231
Sant'Antonio Abate,074NA130,40.722746,14.544308
Santa Maria La Carita',090NA172,40.71611,14.50984
Sant'Antonio Abate,074NA183,40.716002,14.523841
Pompei,058NA338,40.730779,14.505657
Sant'Antonio Abate,074NA359,40.722964,14.555202
Santa Maria La Carita',090NA203,40.724898,14.506214
Santa Maria La Carita',090NA017,40.7184,14.5075
Sant'Antonio Abate,074NA360,40.725786,14.551436
Sant'Antonio Abate,074NA136,40.72189,14.54323
Santa Maria La Carita',090NA125,40.708193,14.501413
Sant'Antonio Abate,074NA246,40.722716,14.556824
Sant'Antonio Abate,074NA188,40.727784,14.551428
Sant'Antonio Abate,074NA168,40.719105,14.532547
Sant'Antonio Abate,074NA138,40.725769,14.536288
Sant'Antonio Abate,074NA243,40.730009,14.540356
Pompei,058NA231,40.7585,14.4799
Pompei,058NA244,40.759825,14.499349
Santa Maria La Carita',090NA050,40.71822,14.510184
Sant'Antonio Abate,074NA261,40.724135,14.534037
Sant'Antonio Abate,074NA020,40.715493,14.52562
Sant'Antonio Abate,074NA281,40.721105,14.560381
Pompei,058NA232,40.758059,14.508659
Sant'Antonio Abate,074NA352,40.720855,14.538572
Sant'Antonio Abate,074NA343,40.728603,14.539064
Pompei,058NA280,40.764297,14.496587
Sant'Antonio Abate,074NA267,40.70961,14.519987
Pompei,058NA370,40.760873,14.507885
Pompei,058NA325,40.765816,14.492392
Pompei,058NA381,40.746157,14.498934
Sant'Antonio Abate,074NA107,40.721498,14.550853
Sant'Antonio Abate,074NA102,40.730393,14.541785
Sant'Antonio Abate,074NA357,40.722416,14.534374
Pompei,058NA353,40.77,14.50265
Sant'Antonio Abate,074NA344,40.721,14.532
Sant'Antonio Abate,074NA184,40.71608,14.52121
Sant'Antonio Abate,074NA300,40.721487,14.523278
Sant'Antonio Abate,074NA176,40.712735,14.524856
Pompei,058NA408,40.76292,14.50337
Sant'Antonio Abate,074NA137,40.722964,14.555202
Sant'Antonio Abate,074NA340,40.711692,14.525005
Santa Maria La Carita',090NA107,40.725041,14.510908
Sant'Antonio Abate,074NA095,40.7135,14.5295
Santa Maria La Carita',090NA167,40.725403,14.512915
Sant'Antonio Abate,074NA312,40.719594,14.538014
Sant'Antonio Abate,074NA311,40.719594,14.538014
Sant'Antonio Abate,074NA209,40.724112,14.552182
Sant'Antonio Abate,074NA285,40.714642,14.540246
Pompei,058NA157,40.754909,14.47788
Sant'Antonio Abate,074NA151,40.712149,14.52482
Sant'Antonio Abate,074NA189,40.724135,14.534037
Pompei,058NA362,40.756932,14.494821
Pompei,058NA367,40.7389,14.49912
Sant'Antonio Abate,074NA325,40.715423,14.529295
Pompei,058NA374,40.754636,14.496125
Sant'Antonio Abate,074NA175,40.72492,14.533407
Sant'Antonio Abate,074NA023,40.722503,14.542694
Santa Maria La Carita',090NA133,,
Sant'Antonio Abate,074NA232,,
Santa Maria La Carita',090NA216,40.727236,14.521757
Pompei,058NA264,40.73567,14.494248
Santa Maria La Carita',090NA169,40.718133,14.512637
Pompei,058NA138,40.738798,14.501745
Sant'Antonio Abate,074NA270,40.729428,14.529737
Santa Maria La Carita',090NA217,40.718653,14.506194
Sant'Antonio Abate,074NA218,40.720169,14.537811
Sant'Antonio Abate,074NA140,40.720545,14.534852
Pompei,058NA409,40.754532,14.495678
Pompei,058NA139,40.735172,14.50058
Santa Maria La Carita',090NA160,40.719839,14.510463
Sant'Antonio Abate,074NA282,40.727177,14.544131
Sant'Antonio Abate,074NA122,40.7165,14.5351
Sant'Antonio Abate,074NA164,40.720843,14.538625
Pompei,058NA039,40.753357,14.50118
Sant'Antonio Abate,074NA341,40.72563,14.557379
Santa Maria La Carita',090NA127,40.712724,14.517513
Sant'Antonio Abate,074NA072,40.722703,14.53817
Pompei,058NA343,40.736482,14.508768
Agerola,003NA271,,
Agerola,003NA035,,
Agerola,003NA276,,
Agerola,003NA275,,
Agerola,003NA102,,
Agerola,003NA159,,
Agerola,003NA048,,
Agerola,003NA047,,
Agerola,003NA045,,
Agerola,003NA024,40.6258,14.5501
Agerola,003NA060,40.623277,14.546574
Agerola,003NA064,40.634747,14.548264
Agerola,003NA065,40.628924,14.550123
Agerola,003NA067,40.632938,14.554027
Agerola,003NA279,40.630272,14.535213
Agerola,003NA283,40.627328,14.535647
Agerola,003NA287,40.634636,14.546213
Agerola,003NA294,40.641786,14.534994
Agerola,003NA297,40.628098,14.574442
Agerola,003NA304,40.647255,14.543339
Agerola,003NA312,40.628771,14.571276
Agerola,003NA313,40.650506,14.547927
Agerola,003NA315,40.628119,14.572991
Agerola,003NA319,40.634802,14.546697
Agerola,003NA320,40.650504,14.547927
Agerola,003NA225,40.642,14.538
Agerola,003NA226,40.637604,14.562012
Agerola,003NA227,40.642381,14.536354
Agerola,003NA230,40.636229,14.543312
Agerola,003NA238,40.638485,14.558902
Agerola,003NA239,40.625395,14.550271
Agerola,003NA244,40.638698,14.559506
Agerola,003NA087,40.63,14.563
Agerola,003NA093,40.629098,14.572815
Agerola,003NA106,40.641382,14.536732
Agerola,003NA112,40.636573,14.538654
Agerola,003NA122,40.628558,14.563639
Agerola,003NA272,40.637144,14.556262
Agerola,003NA280,40.629,14.533
Agerola,003NA290,40.631202,14.561289
Agerola,003NA295,40.625337,14.570628
Agerola,003NA301,40.641978,14.555874
Agerola,003NA336,40.632731,14.538217
Agerola,003NA378,40.641862,14.538248
Agerola,003NA213,40.625126,14.544122
Lettere,039NA080,40.703004,14.538514
Agerola,003NA007,40.641477,14.537039
Agerola,003NA022,40.634142,14.549438
Agerola,003NA025,40.6409,14.528
Agerola,003NA043,40.634529,14.537009
Agerola,003NA097,40.6283,14.5651
Agerola,003NA150,40.639998,14.538444
Agerola,003NA156,40.641477,14.537039
Agerola,003NA157,40.639522,14.547386
Agerola,003NA164,40.6337,14.5345
Agerola,003NA173,40.625205,14.525988
Agerola,003NA193,40.6441,14.5311
Agerola,003NA194,40.6349,14.5471
Agerola,003NA197,40.639613,14.538204
Agerola,003NA203,40.639485,14.537166
Agerola,003NA228,40.643001,14.534093
Agerola,003NA028,40.645436,14.547012
Agerola,003NA002,40.6311,14.5359
Agerola,003NA006,40.62927,14.566331
Agerola,003NA010,40.636476,14.550206
Agerola,003NA018,40.63763,14.562147
Agerola,003NA023,40.63124,14.55295
Agerola,003NA161,40.642724,14.551937
Agerola,003NA162,40.641528,14.547802
Agerola,003NA138,40.637079,14.540741
Agerola,003NA140,40.636684,14.537963
Agerola,003NA141,40.628915,14.570895
Agerola,003NA147,40.628858,14.567678
Agerola,003NA075,40.638694,14.558486
Agerola,003NA084,40.62999,14.564095
Agerola,003NA334,40.641686,14.554255
Agerola,003NA257,40.628871,14.563644
Agerola,003NA260,40.628558,14.563639
Agerola,003NA261,40.633676,14.553212
Agerola,003NA274,40.637627,14.56127
Agerola,003NA325,40.6273,14.5439
Agerola,003NA330,40.630065,14.565157
Agerola,003NA332,40.626274,14.572415
Agerola,003NA171,40.643217,14.536618
Agerola,003NA175,40.624786,14.552878
Agerola,003NA182,40.640701,14.532859
Agerola,003NA183,40.645481,14.539822
Agerola,003NA198,40.628976,14.569806
Agerola,003NA115,40.643,14.5371
Agerola,003NA011,40.64683,14.545339
Agerola,003NA234,40.6246,14.5439
Agerola,003NA044,40.640417,14.540662
Agerola,003NA317,40.631546,14.543157
Agerola,003NA037,40.648052,14.546021
Agerola,003NA054,40.642319,14.533226
Agerola,003NA078,40.637953,14.560313
Casola Di Napoli,022NA013,40.69707,14.538706
Casola Di Napoli,022NA016,40.699064,14.525767
Lettere,039NA272,40.707693,14.552595
Agerola,003NA507,40.628748,14.53519
Lettere,039NA112,40.707808,14.519334
Casola Di Napoli,022NA132,40.697708,14.540746
Pimonte,054NA413,40.665793,14.51594
Gragnano,035NA521,40.6867,14.533
Agerola,003NA212,40.627302,14.57265
Pimonte,054NA063,40.670456,14.507066
Lettere,039NA297,40.707186,14.548981
Gragnano,035NA626,40.688849,14.530051
Agerola,003NA384,40.64246,14.5536
Pimonte,054NA236,40.672511,14.502843
Lettere,039NA257,40.7049,14.5483
Lettere,039NA300,40.703618,14.55015
Casola Di Napoli,022NA097,40.6938,14.5282
Pimonte,054NA401,40.675447,14.523697
Gragnano,035NA277,40.6869,14.5337
Casola Di Napoli,022NA159,40.702285,14.520814
Gragnano,035NA613,40.688805,14.529164
Casola Di Napoli,022NA056,40.694931,14.534886
Gragnano,035NA076,40.6886,14.5225
Gragnano,035NA327,40.7033,14.5184
Lettere,039NA168,40.70253,14.530037
Pimonte,054NA106,40.676836,14.521113
Gragnano,035NA633,40.685556,14.520227
Pimonte,054NA010,40.675208,14.51176
Pimonte,054NA009,40.665587,14.525433
Pimonte,054NA051,40.675276,14.519821
Gragnano,035NA516,40.697,14.516
Pimonte,054NA069,40.675886,14.513497
Gragnano,035NA202,40.686737,14.499956
Gragnano,035NA493,40.679701,14.530998
Pimonte,054NA224,40.670735,14.513272
Gragnano,035NA303,40.6886,14.5221
Pimonte,054NA062,40.67914,14.515979
Gragnano,035NA504,40.682763,14.530448
Lettere,039NA285,40.700257,14.561901
Gragnano,035NA622,40.687194,14.498378
Pimonte,054NA080,40.683342,14.504756
Agerola,003NA805,,
Gragnano,035NA246,40.682577,14.536396
Gragnano,035NA145,,
Gragnano,035NA634,40.681694,14.537864
Pimonte,054NA132,40.673942,14.522457
Agerola,003NA655,40.628204,14.564731
Pimonte,054NA469,40.668451,14.514097
Agerola,003NA801,40.633082,14.548675
Pimonte,054NA479,40.679649,14.510506
Casola Di Napoli,022NA188,40.696402,14.54768
Gragnano,035NA132,40.687635,14.516956
Agerola,003NA733,40.647698,14.562049
Pimonte,054NA543,40.679969,14.515813
Gragnano,035NA260,40.7009,14.5064
Lettere,039NA258,40.705146,14.533176
Gragnano,035NA499,40.6791,14.5361
Pimonte,054NA113,40.679282,14.509428
Gragnano,035NA103,40.6882,14.5307
Agerola,003NA799,40.6392,14.551365
Lettere,039NA245,40.714454,14.548971
Pimonte,054NA334,40.67623,14.514707
Casola Di Napoli,022NA203,40.699876,14.539516
Lettere,039NA010,40.716081,14.543153
Pimonte,054NA066,40.680321,14.507619
Agerola,003NA676,,
Casola Di Napoli,022NA008,40.699914,14.523449
Agerola,003NA462,40.628421,14.535954
Casola Di Napoli,022NA183,40.699388,14.523603
Agerola,003NA388,,
Agerola,003NA511,40.625126,14.544122
Agerola,003NA501,40.628558,14.563639
Casola Di Napoli,022NA050,40.69998,14.537493
Agerola,003NA598,40.627966,14.538126
Pimonte,054NA015,40.679285,14.509567
Gragnano,035NA522,40.6779,14.5376
Agerola,003NA379,40.638528,14.552529
Gragnano,035NA052,40.699073,14.521058
Agerola,003NA369,40.647006,14.548802
Gragnano,035NA063,40.687464,14.499866
Agerola,003NA448,,
Agerola,003NA732,40.630402,14.559147
Gragnano,035NA304,40.694965,14.526702
Lettere,039NA275,40.7091,14.552
Agerola,003NA932,40.626567,14.546739
Pimonte,054NA112,40.66583,14.514618
Lettere,039NA085,40.7029,14.5535
Agerola,003NA385,40.630524,14.559417
Lettere,039NA047,40.709584,14.553155
Lettere,039NA066,40.708995,14.554653
Agerola,003NA496,40.6445,14.544
Agerola,003NA835,40.634107,14.564843
Agerola,003NA001,40.63799,14.560184
Gragnano,035NA501,40.7006,14.5043
Gragnano,035NA289,40.705023,14.508824
Casola Di Napoli,022NA035,40.696931,14.536308
Gragnano,035NA548,40.6777,14.5515
Lettere,039NA290,40.704871,14.539903
Pimonte,054NA033,40.664674,14.51739
Lettere,039NA169,40.704579,14.530342
Gragnano,035NA188,40.69,14.51
Pimonte,054NA518,40.676963,14.523323
Gragnano,035NA093,40.7033,14.5093
Pimonte,054NA214,40.668138,14.517519
Pimonte,054NA365,40.668705,14.514339
Lettere,039NA046,40.709206,14.552851
Lettere,039NA052,40.705952,14.548817
Lettere,039NA069,40.700557,14.55478
Lettere,039NA056,40.704245,14.55049
Agerola,003NA478,40.641408,14.55084
Gragnano,035NA565,40.702983,14.507171
Pimonte,054NA042,40.68113,14.50474
Agerola,003NA457,40.641477,14.537039
Gragnano,035NA256,40.6825,14.5375
Pimonte,054NA213,40.677568,14.50643
Agerola,003NA739,40.635705,14.559366
Pimonte,054NA496,40.666,14.5155
Pimonte,054NA121,40.676836,14.521113
Lettere,039NA075,40.70751,14.519393
Lettere,039NA072,40.708083,14.521063
Agerola,003NA828,40.628204,14.564731
Agerola,003NA012,40.642,14.5512
Agerola,003NA936,40.627893,14.549167
Pimonte,054NA251,40.674739,14.514231
Pimonte,054NA250,40.67623,14.514707
Pimonte,054NA096,40.675704,14.512142
Agerola,003NA350,40.650506,14.547927
Casola Di Napoli,022NA116,40.694805,14.536411
Lettere,039NA196,40.706623,14.524531
Pimonte,054NA456,40.6699,14.5184
Agerola,003NA622,,
Lettere,039NA212,40.699573,14.543547
Agerola,003NA455,40.626506,14.526004
Pimonte,054NA434,40.67426,14.508486
Agerola,003NA309,40.6266,14.544
Pimonte,054NA201,40.673653,14.503658
Lettere,039NA038,40.711182,14.549486
Pimonte,054NA086,40.674703,14.510796
Agerola,003NA748,40.627,14.5662
Agerola,003NA747,40.627694,14.571414
Agerola,003NA770,40.626154,14.560082
Pimonte,054NA068,40.677628,14.510868
Pimonte,054NA019,40.680959,14.509141
Pimonte,054NA020,40.677681,14.510868
Agerola,003NA678,,
Gragnano,035NA254,,
Agerola,003NA443,40.634495,14.536899
Gragnano,035NA610,40.694705,14.51386
Pimonte,054NA074,40.6827,14.505186
Pimonte,054NA528,40.671839,14.520099
Agerola,003NA845,40.62949,14.539059
Agerola,003NA033,40.64384,14.547436
Gragnano,035NA568,40.7033,14.5093
Gragnano,035NA123,40.6954,14.5044
Agerola,003NA240,40.642103,14.53415
Casola Di Napoli,022NA080,40.696998,14.54511
Casola Di Napoli,022NA003,40.69339,14.52757
Agerola,003NA718,,
Gragnano,035NA595,40.680083,14.556649
Gragnano,035NA477,,
Casola Di Napoli,022NA017,40.701598,14.521143
Lettere,039NA273,40.700911,14.537084
Agerola,003NA729,40.629465,14.533655
Agerola,003NA682,40.625126,14.544122
Gragnano,035NA529,40.675777,14.536061
Agerola,003NA081,40.628558,14.563639
Agerola,003NA595,,
Agerola,003NA465,40.634813,14.536541
Agerola,003NA854,40.636922,14.534549
Agerola,003NA642,40.641445,14.550549
Casola Di Napoli,022NA127,40.694512,14.529433
Pimonte,054NA255,40.677868,14.51388
Gragnano,035NA013,,
Gragnano,035NA523,40.6912,14.51
Pimonte,054NA077,40.670385,14.512831
Pimonte,054NA516,40.679884,14.513709
Gragnano,035NA049,40.6894,14.526
Gragnano,035NA061,,
Pimonte,054NA186,40.665458,14.525256
Agerola,003NA641,40.634401,14.556269
Casola Di Napoli,022NA208,40.697717,14.540856
Gragnano,035NA459,40.678194,14.535372
Gragnano,035NA525,40.688392,14.530177
Agerola,003NA922,40.638943,14.543119
Gragnano,035NA152,40.681529,14.531675
Agerola,003NA268,40.637403,14.54371
Gragnano,035NA197,40.681,14.5396
Pimonte,054NA018,40.676682,14.510473
Lettere,039NA183,40.703956,14.558698
Lettere,039NA223,40.70546,14.527085
Agerola,003NA529,40.632518,14.543824
Agerola,003NA482,40.642181,14.535056
Casola Di Napoli,022NA185,40.695219,14.540532
Gragnano,035NA130,,
Pimonte,054NA185,40.669332,14.514523
Casola Di Napoli,022NA065,40.697758,14.540729
Agerola,003NA108,40.641477,14.537039
Agerola,003NA576,40.63032,14.535118
Agerola,003NA338,40.643919,14.546517
Agerola,003NA484,40.634547,14.55771
Casola Di Napoli,022NA118,40.694189,14.529008
Pimonte,054NA505,40.671463,14.512535
Pimonte,054NA047,40.67623,14.514707
Pimonte,054NA046,40.67476,14.516949
Gragnano,035NA241,40.682577,14.536396
Pimonte,054NA098,40.673748,14.523664
Gragnano,035NA443,,
Agerola,003NA345,40.638582,14.537042
Casola Di Napoli,022NA167,40.695942,14.545127
Gragnano,035NA463,40.6742,14.5333
Pimonte,054NA374,40.662327,14.53604
Casola Di Napoli,022NA133,40.702502,14.522396
Gragnano,035NA606,40.686182,14.520011
Pimonte,054NA170,40.668812,14.520703
Agerola,003NA875,40.635875,14.536621
Pimonte,054NA105,40.665359,14.52529
Lettere,039NA006,40.702837,14.543972
Pimonte,054NA165,40.67337,14.524957
Gragnano,035NA494,40.7053,14.5053
Gragnano,035NA040,40.676,14.5437
Agerola,003NA635,40.64,14.5558
Lettere,039NA036,40.707189,14.558644
Pimonte,054NA402,40.680715,14.509292
Gragnano,035NA394,40.6873,14.5339
Agerola,003NA722,40.63366,14.5706
Pimonte,054NA530,40.678721,14.525428
Pimonte,054NA021,40.681984,14.506007
Gragnano,035NA168,40.683547,14.539756
Pimonte,054NA477,40.672294,14.506796
Pimonte,054NA183,40.673678,14.525045
Gragnano,035NA469,40.7063,14.5059
Agerola,003NA207,40.63811,14.53506
Agerola,003NA428,40.628558,14.563639
Pimonte,054NA195,40.667647,14.520233
Gragnano,035NA397,40.6881,14.5108
Agerola,003NA636,40.628748,14.53519
Pimonte,054NA123,40.674064,14.513288
Pimonte,054NA026,40.670384,14.512593
Agerola,003NA250,40.6355,14.541416
Pimonte,054NA535,40.675162,14.51477
Pimonte,054NA208,40.674378,14.506173
Pimonte,054NA212,40.671504,14.505004
Gragnano,035NA549,40.706625,14.511617
Agerola,003NA431,40.650506,14.547927
Agerola,003NA548,40.64452,14.54916
Agerola,003NA562,40.627221,14.551559
Casola Di Napoli,022NA170,40.694905,14.530135
Gragnano,035NA268,40.6835,14.5258
Lettere,039NA180,40.702432,14.539135
Pimonte,054NA282,40.67623,14.514707
Pimonte,054NA349,40.670595,14.518609
Agerola,003NA793,40.632502,14.538114
Agerola,003NA536,40.62372,14.547686
Casola Di Napoli,022NA152,40.694371,14.536114
Agerola,003NA806,,
Pimonte,054NA539,40.673793,14.523773
Pimonte,054NA313,40.666071,14.515591
Agerola,003NA208,40.629786,14.532305
Casola Di Napoli,022NA144,40.701822,14.530976
Lettere,039NA111,40.704213,14.55049
Gragnano,035NA281,40.6958,14.5029
Gragnano,035NA057,40.680083,14.542869
Gragnano,035NA050,40.692517,14.506493
Pimonte,054NA286,40.67623,14.514707
Agerola,003NA512,40.63663,14.557317
Lettere,039NA028,40.705832,14.55369
Gragnano,035NA138,40.6873,14.5339
Pimonte,054NA197,40.677935,14.51145
Lettere,039NA259,40.702817,14.558438
Agerola,003NA853,40.6395,14.5382
Casola Di Napoli,022NA040,40.695657,14.530789
Lettere,039NA148,40.712346,14.537144
Agerola,003NA814,40.628,14.5387
Lettere,039NA014,40.716199,14.545422
Agerola,003NA506,40.6368,14.5345
Gragnano,035NA561,40.685851,14.519396
Pimonte,054NA111,40.664185,14.517106
Lettere,039NA157,40.704243,14.538056
Agerola,003NA637,40.6385,14.5591
Agerola,003NA458,40.636798,14.556401
Pimonte,054NA167,40.677935,14.51145
Lettere,039NA181,40.7095,14.553
Pimonte,054NA489,40.6712,14.5206
Agerola,003NA247,40.634976,14.549126
Lettere,039NA139,40.703152,14.53461
Pimonte,054NA060,40.671286,14.510183
Pimonte,054NA022,40.677558,14.517682
Agerola,003NA689,40.638047,14.545216
Agerola,003NA934,40.626065,14.535623
Agerola,003NA638,40.632769,14.561926
Lettere,039NA243,40.703408,14.5361
Gragnano,035NA581,40.703634,14.503843
Pimonte,054NA133,40.684752,14.504402
Agerola,003NA594,40.6264,14.5435
Agerola,003NA095,40.624843,14.550633
Pimonte,054NA064,40.673527,14.506612
Pimonte,054NA057,40.67523,14.516294
Pimonte,054NA056,40.67523,14.516294
Pimonte,054NA024,40.67779,14.518024
Casola Di Napoli,022NA070,40.694228,14.52904
Lettere,039NA217,40.7034,14.5456
Gragnano,035NA044,40.688655,14.526834
Agerola,003NA862,40.643511,14.53119
Pimonte,054NA441,40.671245,14.514526
Agerola,003NA310,40.626505,14.5725
Gragnano,035NA576,40.683025,14.540759
Gragnano,035NA585,40.686395,14.522456
Pimonte,054NA028,40.666143,14.515003
Casola Di Napoli,022NA027,40.704176,14.528706
Lettere,039NA064,40.720152,14.565885
Agerola,003NA870,,
Gragnano,035NA583,40.6967,14.5238
Pimonte,054NA087,40.675927,14.51415
Agerola,003NA611,40.647019,14.54349
Casola Di Napoli,022NA094,40.69495,14.530135
Agerola,003NA790,40.644538,14.548469
Gragnano,035NA533,40.69251,14.513789
Lettere,039NA224,40.706557,14.534728
Pimonte,054NA059,40.676203,14.514707
Lettere,039NA044,40.706921,14.560714
Agerola,003NA237,40.628007,14.521238
Pimonte,054NA198,40.674764,14.505067
Casola Di Napoli,022NA049,40.693143,14.527692
Casola Di Napoli,022NA087,40.69632,14.529214
Pimonte,054NA174,40.669208,14.514877
Casola Di Napoli,022NA106,,
Agerola,003NA446,40.6355,14.541416
Agerola,003NA449,,
Pimonte,054NA467,40.67424,14.516377
Casola Di Napoli,022NA001,40.699443,14.522871
Gragnano,035NA343,,
Agerola,003NA407,40.635349,14.558161
Agerola,003NA357,40.6339,14.5552
Lettere,039NA087,40.701278,14.560613
Pimonte,054NA532,40.67566,14.50387
Massa Lubrense,044NA169,40.593,14.3493
Massa Lubrense,044NA081,40.6009,14.3636
Vico Equense,086NA287,40.667,14.4454
Vico Equense,086NA291,40.6669,14.4463
Vico Equense,086NA297,40.6551,14.4295
Vico Equense,086NA318,40.6619,14.4579
Vico Equense,086NA143,40.6623,14.4415
Vico Equense,086NA117,40.6498,14.4519
Vico Equense,086NA120,40.6511,14.4508
Vico Equense,086NA121,40.6509,14.4509
Vico Equense,086NA068,40.6621,14.455
Vico Equense,086NA073,40.6518,14.4193
Vico Equense,086NA075,40.6589,14.4465
Vico Equense,086NA077,40.6567,14.4516
Vico Equense,086NA085,40.6641,14.4582
Vico Equense,086NA094,40.6493,14.4523
Vico Equense,086NA296,40.6586,14.456
Vico Equense,086NA323,40.6649,14.4498
Vico Equense,086NA341,40.6496,14.4521
Vico Equense,086NA179,40.6282,14.4455
Vico Equense,086NA269,40.6465,14.4312
Massa Lubrense,044NA119,40.5911,14.3451
Piano Di Sorrento,053NA053,40.61574,14.43127
Vico Equense,086NA187,40.6393,14.4425
Vico Equense,086NA189,40.6426,14.4421
Vico Equense,086NA199,40.6319,14.4427
Vico Equense,086NA207,40.6312,14.4438
Vico Equense,086NA214,40.6636,14.4442
Massa Lubrense,044NA326,40.5931,14.3586
Vico Equense,086NA405,40.6577,14.44
Vico Equense,086NA410,40.6569,14.45
Vico Equense,086NA343,40.6456,14.4704
Vico Equense,086NA375,40.6589,14.4563
Vico Equense,086NA156,40.6455,14.4503
Vico Equense,086NA163,40.6329,14.4423
Vico Equense,086NA172,40.6562,14.4422
Vico Equense,086NA043,40.652,14.4248
Vico Equense,086NA124,40.6649,14.4495
Vico Equense,086NA028,40.6618,14.4426
Vico Equense,086NA030,40.6561,14.4508
Vico Equense,086NA008,40.6327,14.4349
Vico Equense,086NA016,40.6517,14.4204
Vico Equense,086NA111,40.6495,14.4524
Vico Equense,086NA115,40.6336,14.4327
Vico Equense,086NA488,40.6568,14.4493
Sorrento,080NA109,40.62226,14.38052
Sorrento,080NA119,40.62037,14.38034
Sorrento,080NA122,40.61646,14.3942
Sorrento,080NA123,40.61663,14.38559
Vico Equense,086NA105,40.65104,14.45557
Vico Equense,086NA107,40.650833,14.4575
Vico Equense,086NA108,40.652222,14.455833
Sorrento,080NA157,40.61687,14.38587
Vico Equense,086NA003,40.6427,14.4566
Vico Equense,086NA013,40.660783,14.443133
Vico Equense,086NA037,40.633333,14.432777
Vico Equense,086NA098,40.636266,14.439866
Vico Equense,086NA100,40.65234,14.428053
Massa Lubrense,044NA011,40.60689,14.36912
Massa Lubrense,044NA015,40.599882,14.372849
Massa Lubrense,044NA017,40.595227,14.369167
Massa Lubrense,044NA030,40.60582,14.38396
Massa Lubrense,044NA031,40.602966,14.387786
Massa Lubrense,044NA032,40.60787,14.36523
Massa Lubrense,044NA042,40.60953,14.34947
Massa Lubrense,044NA043,40.598379,14.373984
Massa Lubrense,044NA045,40.593888,14.35824
Massa Lubrense,044NA047,40.600818,14.384027
Massa Lubrense,044NA048,40.594636,14.357418
Massa Lubrense,044NA084,40.59829,14.356663
Massa Lubrense,044NA088,40.60033,14.37357
Massa Lubrense,044NA066,40.59827,14.3726
Massa Lubrense,044NA067,40.593087,14.363141
Massa Lubrense,044NA069,40.59558,14.360465
Massa Lubrense,044NA268,40.59869,14.35173
Massa Lubrense,044NA273,40.608537,14.367173
Massa Lubrense,044NA291,40.591483,14.363939
Massa Lubrense,044NA301,40.598563,14.342179
Massa Lubrense,044NA309,40.585833,14.341944
Massa Lubrense,044NA316,40.582228,14.325338
Massa Lubrense,044NA215,40.596591,14.387412
Massa Lubrense,044NA216,40.598991,14.342965
Vico Equense,086NA230,40.636944,14.436111
Vico Equense,086NA194,40.6415,14.4422
Vico Equense,086NA210,40.63523,14.441163
Vico Equense,086NA029,40.654507,14.448235
Sorrento,080NA095,40.61799,14.39374
Sorrento,080NA110,40.62578,14.39336
Massa Lubrense,044NA144,40.601564,14.364608
Massa Lubrense,044NA114,40.612781,14.347789
Massa Lubrense,044NA223,40.59378,14.357831
Massa Lubrense,044NA225,40.60054,14.3926
Massa Lubrense,044NA238,40.599009,14.35128
Massa Lubrense,044NA251,40.605833,14.36
Massa Lubrense,044NA252,40.595893,14.335245
Massa Lubrense,044NA258,40.601516,14.381043
Massa Lubrense,044NA259,40.597036,14.336723
Massa Lubrense,044NA202,40.60326,14.38301
Massa Lubrense,044NA204,40.60932,14.37512
Massa Lubrense,044NA211,40.605433,14.375667
Massa Lubrense,044NA213,40.59184,14.37773
Massa Lubrense,044NA200,40.60096,14.38807
Sorrento,080NA054,40.61647,14.35832
Sorrento,080NA070,40.60959,14.39979
Sorrento,080NA071,40.622,14.37667
Sorrento,080NA075,40.619,14.3898
Meta,046NA009,40.63203,14.42662
Meta,046NA012,40.634855,14.42616
Piano Di Sorrento,053NA003,40.6289,14.42474
Piano Di Sorrento,053NA004,40.62664,14.40972
Piano Di Sorrento,053NA005,40.62681,14.41481
Piano Di Sorrento,053NA006,40.62316,14.41245
Piano Di Sorrento,053NA015,40.61704,14.421
Piano Di Sorrento,053NA016,40.62181,14.41157
Vico Equense,086NA402,40.65805,14.437133
Vico Equense,086NA409,40.65,14.464444
Vico Equense,086NA420,40.647777,14.473888
Vico Equense,086NA421,40.650663,14.466499
Vico Equense,086NA422,40.631196,14.43721
Vico Equense,086NA438,40.648055,14.472777
Vico Equense,086NA439,40.6563,14.4517
Vico Equense,086NA337,40.655622,14.459424
Vico Equense,086NA345,40.649876,14.461159
Vico Equense,086NA351,40.654166,14.465
Vico Equense,086NA352,40.657497,14.443338
Vico Equense,086NA374,40.6572,14.438216
Sant'Agnello,071NA044,40.61083,14.40844
Sant'Agnello,071NA050,40.6245,14.3957
Sant'Agnello,071NA052,40.61601,14.4118
Sant'Agnello,071NA053,40.62662,14.40566
Sorrento,080NA002,40.6139,14.3956
Sorrento,080NA004,40.61248,14.39682
Sorrento,080NA005,40.6147,14.3864
Sorrento,080NA009,40.62031,14.39062
Sorrento,080NA010,40.61754,14.39824
Sorrento,080NA015,40.61939,14.38043
Sorrento,080NA019,40.62247,14.39335
Sorrento,080NA021,40.62392,14.38843
Sorrento,080NA023,40.61989,14.39078
Sorrento,080NA027,40.60948,14.38638
Vico Equense,086NA165,40.641376,14.452134
Vico Equense,086NA049,40.659566,14.428216
Vico Equense,086NA058,40.651666,14.453333
Vico Equense,086NA062,40.647193,14.431954
Sorrento,080NA105,40.62632,14.37573
Sorrento,080NA106,40.61871,14.38316
Massa Lubrense,044NA164,40.597059,14.347314
Massa Lubrense,044NA168,40.59707,14.344863
Massa Lubrense,044NA172,40.61535,14.349678
Massa Lubrense,044NA173,40.599247,14.348205
Massa Lubrense,044NA177,40.598999,14.390283
Sorrento,080NA096,40.62833,14.38413
Sorrento,080NA097,40.61608,14.38675
Massa Lubrense,044NA002,40.605457,14.37294
Massa Lubrense,044NA003,40.593265,14.340994
Massa Lubrense,044NA007,40.59829,14.34408
Vico Equense,086NA464,40.668055,14.44
Vico Equense,086NA478,40.6558,14.4385
Vico Equense,086NA389,40.642292,14.45111
Vico Equense,086NA391,40.648888,14.467222
Vico Equense,086NA396,40.65705,14.438642
Vico Equense,086NA285,40.651111,14.457222
Vico Equense,086NA123,40.657348,14.45008
Vico Equense,086NA070,40.663483,14.440816
Vico Equense,086NA471,40.669616,14.448216
Vico Equense,086NA483,40.641426,14.446098
Vico Equense,086NA347,40.65046,14.461
Piano Di Sorrento,053NA086,40.62438,14.4265
Piano Di Sorrento,053NA088,40.62722,14.42928
Piano Di Sorrento,053NA104,40.619833,14.413683
Piano Di Sorrento,053NA105,40.62381,14.42008
Sant'Agnello,071NA001,40.61998,14.40943
Sant'Agnello,071NA003,40.61425,14.40263
Sant'Agnello,071NA004,40.6124,14.40835
Sant'Agnello,071NA008,40.6167,14.40623
Piano Di Sorrento,053NA030,40.62476,14.41823
Piano Di Sorrento,053NA032,40.6223,14.41756
Piano Di Sorrento,053NA034,40.63496,14.40866
Piano Di Sorrento,053NA050,40.62184,14.41513
Massa Lubrense,044NA091,40.595752,14.368267
Massa Lubrense,044NA092,40.585109,14.359387
Massa Lubrense,044NA107,40.592544,14.355887
Vico Equense,086NA045,40.650433,14.428283
Vico Equense,086NA048,40.666916,14.43385
Sorrento,080NA032,40.6188,14.38059
Vico Equense,086NA283,40.651666,14.458055
Vico Equense,086NA231,40.664783,14.440866
Vico Equense,086NA242,40.63975,14.473714
Vico Equense,086NA244,40.6651,14.4498
Vico Equense,086NA271,40.65467,14.44894
Massa Lubrense,044NA137,40.608037,14.36701
Massa Lubrense,044NA138,40.608095,14.368151
Massa Lubrense,044NA139,40.599922,14.349599
Massa Lubrense,044NA142,40.600628,14.355274
Massa Lubrense,044NA143,40.597398,14.360759
Massa Lubrense,044NA146,40.593749,14.35756
Massa Lubrense,044NA151,40.599883,14.340001
Massa Lubrense,044NA152,40.59382,14.38093
Sant'Agnello,071NA011,40.61342,14.41287
Sant'Agnello,071NA012,40.6267,14.3982
Sant'Agnello,071NA019,40.61453,14.413
Sant'Agnello,071NA023,40.61423,14.40206
Sant'Agnello,071NA025,40.61212,14.41061
Piano Di Sorrento,053NA084,40.6206,14.41353
Sant'Agnello,071NA009,40.60976,14.409
Piano Di Sorrento,053NA057,40.62427,14.41695
Piano Di Sorrento,053NA074,40.62051,14.41328
Piano Di Sorrento,053NA076,40.61535,14.425428
Piano Di Sorrento,053NA078,40.626,14.42373
Piano Di Sorrento,053NA025,40.616933,14.433633
Vico Equense,086NA319,40.6616,14.4547
Piano Di Sorrento,053NA041,40.61577,14.43217
Vico Equense,086NA040,40.6597,14.4338
Sorrento,080NA152,40.6108,14.40175
Vico Equense,086NA092,40.663801,14.446633
Vico Equense,086NA055,40.6528,14.4292
Vico Equense,086NA211,40.65125,14.42123
Vico Equense,086NA149,40.642023,14.477136
Vico Equense,086NA195,40.642645,14.442271
Vico Equense,086NA144,40.63856,14.47772
Vico Equense,086NA379,40.659314,14.456146
Vico Equense,086NA036,40.65066,14.466499
Vico Equense,086NA678,40.64125,14.44556
Sorrento,080NA163,40.61969,14.38861
Vico Equense,086NA275,40.661811,14.424913
Vico Equense,086NA879,40.637373,14.474433
Sorrento,080NA143,40.61799,14.36107
Vico Equense,086NA825,40.647777,14.448611
Meta,046NA013,40.631992,14.427813
Vico Equense,086NA850,40.643354,14.441879
Massa Lubrense,044NA349,40.608938,14.367925
Massa Lubrense,044NA559,40.591647,14.364888
Vico Equense,086NA938,40.635942,14.439567
Vico Equense,086NA520,40.65901,14.45537
Vico Equense,086NA509,40.65728,14.45204
Sant'Agnello,071NA139,40.637273,14.398515
Vico Equense,086NA933,40.654183,14.459873
Massa Lubrense,044NA343,40.5942,14.3404
Piano Di Sorrento,053NA152,40.62111,14.416632
Massa Lubrense,044NA418,40.60147,14.38838
Massa Lubrense,044NA481,40.5897,14.3466
Vico Equense,086NA793,40.626917,14.442854
Piano Di Sorrento,053NA120,40.624,14.4102
Massa Lubrense,044NA531,40.599681,14.346985
Vico Equense,086NA607,40.629059,14.433803
Massa Lubrense,044NA500,40.59332,14.338823
Piano Di Sorrento,053NA171,40.626079,14.420004
Vico Equense,086NA197,40.658596,14.440206
Piano Di Sorrento,053NA237,40.616529,14.427684
Vico Equense,086NA720,40.666259,14.432719
Vico Equense,086NA625,40.663672,14.450885
Vico Equense,086NA901,40.663445,14.432249
Piano Di Sorrento,053NA087,40.627278,14.431778
Sorrento,080NA181,40.62801,14.38613
Vico Equense,086NA703,40.63444,14.433123
Massa Lubrense,044NA487,40.591111,14.366666
Vico Equense,086NA952,40.65849,14.4502
Massa Lubrense,044NA155,40.60887,14.341
Sant'Agnello,071NA113,40.61126,14.41095
Sorrento,080NA169,40.618924,14.391792
Vico Equense,086NA941,40.64631,14.467245
Massa Lubrense,044NA363,40.6088,14.3413
Massa Lubrense,044NA492,40.578055,14.325
Vico Equense,086NA939,40.636009,14.439159
Vico Equense,086NA626,40.655321,14.448131
Massa Lubrense,044NA527,40.60028,14.38662
Vico Equense,086NA574,40.6302,14.43911
Vico Equense,086NA767,40.658513,14.441565
Vico Equense,086NA937,40.645335,14.45192
Vico Equense,086NA453,40.649166,14.473611
Vico Equense,086NA699,40.643897,14.459603
Massa Lubrense,044NA544,40.605993,14.381186
Vico Equense,086NA202,40.6472,14.4239
Vico Equense,086NA768,40.62643,14.44436
Vico Equense,086NA912,40.66064,14.459765
Sorrento,080NA029,40.62607,14.35562
Massa Lubrense,044NA179,40.5847,14.3485
Massa Lubrense,044NA473,40.602209,14.335955
Sorrento,080NA061,40.598,14.393
Vico Equense,086NA836,40.65797,14.45164
Sorrento,080NA293,40.604737,14.392608
Sant'Agnello,071NA129,40.61728,14.40408
Sorrento,080NA286,40.6061,14.387
Vico Equense,086NA569,40.65367,14.44805
Vico Equense,086NA646,40.661498,14.427551
Massa Lubrense,044NA553,40.59328,14.35706
Vico Equense,086NA849,40.6597,14.4338
Vico Equense,086NA685,40.646721,14.430292
Sorrento,080NA220,40.6188,14.398
Vico Equense,086NA781,40.66278,14.456999
Sorrento,080NA172,40.6192,14.3957
Massa Lubrense,044NA619,40.59357,14.359694
Vico Equense,086NA823,40.670568,14.43597
Piano Di Sorrento,053NA125,40.623996,14.424982
Vico Equense,086NA534,40.63904,14.43679
Massa Lubrense,044NA533,40.61019,14.34778
Vico Equense,086NA682,40.63111,14.43767
Vico Equense,086NA524,40.651562,14.421304
Massa Lubrense,044NA365,40.5842,14.3597
Sant'Agnello,071NA125,40.6281,14.39381
Sorrento,080NA193,40.61449,14.39965
Sorrento,080NA215,40.62154,14.38181
Vico Equense,086NA093,40.629971,14.444929
Vico Equense,086NA609,40.65933,14.45043
Sorrento,080NA087,40.61427,14.38835
Massa Lubrense,044NA465,40.61,14.353333
Sant'Agnello,071NA134,40.628469,14.403785
Sant'Agnello,071NA119,40.61967,14.40187
Sant'Agnello,071NA100,40.63566,14.39682
Massa Lubrense,044NA572,40.60219,14.38709
Vico Equense,086NA350,40.659722,14.463055
Sorrento,080NA162,40.61491,14.38869
Sorrento,080NA256,40.62892,14.35213
Piano Di Sorrento,053NA224,40.625447,14.424319
Piano Di Sorrento,053NA225,40.627845,14.441576
Vico Equense,086NA139,40.6581,14.4466
Vico Equense,086NA200,40.6313,14.4437
Vico Equense,086NA869,40.649265,14.423541
Vico Equense,086NA851,40.66693,14.44541
Vico Equense,086NA813,40.632881,14.437472
Vico Equense,086NA019,40.64266,14.42657
Sant'Agnello,071NA063,40.618524,14.402805
Vico Equense,086NA585,40.63159,14.437246
Massa Lubrense,044NA391,40.5932,14.3676
Massa Lubrense,044NA506,40.60937,14.372
Massa Lubrense,044NA383,40.6087,14.341
Vico Equense,086NA773,40.630459,14.444639
Piano Di Sorrento,053NA197,40.62305,14.41007
Vico Equense,086NA855,40.646522,14.473065
Sorrento,080NA052,40.61282,14.38315
Vico Equense,086NA623,40.659138,14.452632
Vico Equense,086NA620,40.63213,14.438411
Vico Equense,086NA535,40.655037,14.467535
Vico Equense,086NA440,40.665242,14.445288
Sorrento,080NA300,40.619822,14.37084
Massa Lubrense,044NA163,40.598779,14.346654
Vico Equense,086NA279,40.656941,14.45024
Massa Lubrense,044NA457,40.60896,14.37918
Vico Equense,086NA790,40.662295,14.438239
Vico Equense,086NA530,40.65,14.43
Vico Equense,086NA778,40.668701,14.447321
Sorrento,080NA059,40.61479,14.3974
Sorrento,080NA283,40.59818,14.39345
Piano Di Sorrento,053NA166,40.620137,14.423713
Massa Lubrense,044NA520,40.605337,14.361662
Sorrento,080NA302,40.610783,14.390803
Vico Equense,086NA628,40.644564,14.428601
Massa Lubrense,044NA616,40.607747,14.354291
Massa Lubrense,044NA535,40.59555,14.35552
Massa Lubrense,044NA581,40.595428,14.347165
Vico Equense,086NA208,40.6534,14.4235
Piano Di Sorrento,053NA207,40.632945,14.412692
Vico Equense,086NA119,40.6337,14.4331
Vico Equense,086NA309,40.655,14.4298
Sorrento,080NA007,40.60607,14.3915
Piano Di Sorrento,053NA236,40.626073,14.41851
Massa Lubrense,044NA046,40.60556,14.383376
Vico Equense,086NA676,40.639253,14.441106
Massa Lubrense,044NA452,40.593749,14.35754
Vico Equense,086NA877,40.643276,14.429447
Massa Lubrense,044NA571,40.612188,14.357569
Vico Equense,086NA775,40.635277,14.431666
Sant'Agnello,071NA146,40.613083,14.412741
Vico Equense,086NA091,40.643166,14.44015
Piano Di Sorrento,053NA159,40.6174,14.42759
Sorrento,080NA155,40.62792,14.38913
Vico Equense,086NA582,40.66385,14.4472
Piano Di Sorrento,053NA160,40.623583,14.411616
Massa Lubrense,044NA344,40.601463,14.37322
Sant'Agnello,071NA066,40.609,14.41051
Piano Di Sorrento,053NA051,40.621718,14.429437
Vico Equense,086NA423,40.652533,14.418616
Massa Lubrense,044NA591,40.6028,14.3821
Vico Equense,086NA786,40.663948,14.45289
Vico Equense,086NA594,40.650682,14.416243
Piano Di Sorrento,053NA226,40.627501,14.422399
Vico Equense,086NA710,40.629889,14.44229
Vico Equense,086NA873,40.657394,14.438543
Piano Di Sorrento,053NA233,40.627444,14.442626
Piano Di Sorrento,053NA110,40.626249,14.420217
Vico Equense,086NA632,40.634082,14.438052
Vico Equense,086NA729,40.66347,14.458249
Vico Equense,086NA878,40.646021,14.473709
Massa Lubrense,044NA549,40.59311,14.36205
Massa Lubrense,044NA574,40.601387,14.361444
Vico Equense,086NA595,40.6566,14.4459
Sorrento,080NA239,40.615767,14.399149
Sorrento,080NA294,40.603839,14.401618
Vico Equense,086NA617,40.65055,14.43123
Vico Equense,086NA784,40.65893,14.45368
Piano Di Sorrento,053NA137,40.615331,14.419342
Massa Lubrense,044NA374,40.60916,14.37918
Sant'Agnello,071NA103,40.614,14.40211
Massa Lubrense,044NA624,40.59063,14.35529
Piano Di Sorrento,053NA115,40.62927,14.42345
Massa Lubrense,044NA348,40.60107,14.337522
Sorrento,080NA248,40.6144,14.3995
Sorrento,080NA201,40.61104,14.38467
Vico Equense,086NA527,40.637376,14.442314
Massa Lubrense,044NA186,40.59114,14.36232
Massa Lubrense,044NA381,40.59941,14.36599
Massa Lubrense,044NA075,40.59599,14.38447
Sorrento,080NA053,40.60223,14.39876
Massa Lubrense,044NA625,40.603825,14.363099
Vico Equense,086NA183,40.657315,14.442884
Massa Lubrense,044NA626,40.601601,14.387846
Sorrento,080NA083,40.61692,14.38298
Massa Lubrense,044NA441,40.599166,14.345
Vico Equense,086NA526,40.657067,14.45221
Vico Equense,086NA792,40.65594,14.41506
Massa Lubrense,044NA270,40.59727,14.34216
